insert into edu_admin
values
    (null,'root','pass','A01','2023-03-01');


insert into edu_studentinfo
values
    ('S20230000741','王靖鹏','计算机科学学院','计算机科学与技术','5班','13555555555','浙江省杭州市江干区彭埠街道西桥南路61号','2000-12-21'),
    ('S20230000742','蔡孟良','理学院','化学系','7班','17666666666','北京市海淀区中关村南大街27号','2000-11-19'),
    ('S20230000743','戚俊豪','医学院','生物医学工程系','1班','18000000000','广东省广州市天河区珠江新城华夏路1号','2001-05-21'),
    ('S20230000744','杨清山','美术学院','陶瓷艺术设计系','5班','18111111111','上海市浦东新区浦东南路1108号','1999-07-13');

insert into edu_teacherinfo
values
    ('T20230000881','陈宇轩','计算机科学学院','一级教师','13333333333'),
    ('T20230000882','王嘉佑','理学院','一级教师','13839532342'),
    ('T20230000883','张雨薇','美术学院','副教授','18932511392');

insert into edu_curriculum
values
    (null,'7077','编译原理', '3', '2','7-503','T20230000881',2),
    (null,'8088','物理化学', '1', '5','2-303','T20230000882',1),
    (null,'9099','临床医学', '5', '4','9-411','T20230000883',2);

insert into edu_studentcourse
values
    (null,'S20230000741','7077','-1'),
    (null,'S20230000741','8088','1'),
    (null,'S20230000742','7077','0'),
    (null,'S20230000742','9099','0'),
    (null,'S20230000743','8088','0'),
    (null,'S20230000744','9099','0');

insert into edu_studentscore
values
    (null,'7077','编译原理','T20230000881','S20230000741',66),
    (null,'8088','物理化学','T20230000882','S20230000741',77),
    (null,'7077','编译原理','T20230000881','S20230000742',88),
    (null,'9099','临床医学','T20230000883','S20230000742',88),
    (null,'8088','物理化学','T20230000882','S20230000743',99),
    (null,'9099','临床医学','T20230000883','S20230000744',100);

insert into edu_leave
values
    (null,'S20230000741','病假','1',1681274833453,1681620433000,1681074825000,1681074833000,'陈宇轩'),
    (null,'S20230000742','外出面试','-1',1681274833555,1681620433000,1681074825000,1681074833000,'张雨薇'),
    (null,'S20230000742','无','0',1681274833000,1681620433000,1681074753000,1681074833000,''),
    (null,'S20230000743','无','0',1681274833000,1681620433000,1681074003000,1681074833000,''),
    (null,'S20230000744','外出面试','0',1681274833000,1681620433000,1681074003000,1681074833000,''),
    (null,'S20230000741','外出面试','0',1681274833000,1681620433000,1681074153000,1681074833000,'');

insert into edu_teacheruser
values
    (null,'t1','t1','T20230000881','2023-06-09'),
    (null,'t2','t2','T20230000882','2023-12-14'),
    (null,'t3','t3','T20230000883','2023-05-23');


insert into edu_studentuser
values
    (null,'s1','s1','S20230000741','2023-01-11'),
    (null,'s2','s2','S20230000742','2023-02-12'),
    (null,'s3','s3','S20230000743','2023-03-13'),
    (null,'s4','s4','S20230000744','2023-04-14');
